,MCPP,SEASON,OFFENSE_COUNT,MCPP_POPULATION,MCPP_ACRES_LAND,MCPP_MEDIAN_AGE,MCPP_PCT_OCCUPIED_HOUSING,MCPP_PCT_BACHELOR,MCPP_MEDIAN_GROSS_RENT,MCPP_PCT_UNEMPLOYED,MCPP_MEDIAN_HH_INCOME,MCPP_PCT_POVERTY,CRIME_RATE
0,ALASKA JUNCTION,Fall,2249,10805.0,871.16,38.03,56.23,52.69,1004.43,6.99,67934.71,11.51,20.8144
1,ALASKA JUNCTION,Spring,2126,10805.0,871.16,38.03,56.23,52.69,1004.43,6.99,67934.71,11.51,19.6761
2,ALASKA JUNCTION,Summer,2131,10805.0,871.16,38.03,56.23,52.69,1004.43,6.99,67934.71,11.51,19.7224
3,ALASKA JUNCTION,Winter,2066,10805.0,871.16,38.03,56.23,52.69,1004.43,6.99,67934.71,11.51,19.1208
4,ALKI,Fall,708,6984.0,551.47,41.02,59.98,54.8,1103.0,5.8,74071.0,6.88,10.1375
5,ALKI,Spring,777,6984.0,551.47,41.02,59.98,54.8,1103.0,5.8,74071.0,6.88,11.1254
6,ALKI,Summer,966,6984.0,551.47,41.02,59.98,54.8,1103.0,5.8,74071.0,6.88,13.8316
7,ALKI,Winter,611,6984.0,551.47,41.02,59.98,54.8,1103.0,5.8,74071.0,6.88,8.7486
8,BALLARD NORTH,Fall,3203,26962.0,2250.89,40.04,68.54,56.77,995.6,5.66,75846.7,6.7,11.8797
9,BALLARD NORTH,Spring,3330,26962.0,2250.89,40.04,68.54,56.77,995.6,5.66,75846.7,6.7,12.3507
10,BALLARD NORTH,Summer,3396,26962.0,2250.89,40.04,68.54,56.77,995.6,5.66,75846.7,6.7,12.5955
11,BALLARD NORTH,Winter,3184,26962.0,2250.89,40.04,68.54,56.77,995.6,5.66,75846.7,6.7,11.8092
12,BALLARD SOUTH,Fall,4882,16164.0,1157.47,36.16,54.5,61.59,1045.43,5.31,72173.57,7.61,30.2029
13,BALLARD SOUTH,Spring,4584,16164.0,1157.47,36.16,54.5,61.59,1045.43,5.31,72173.57,7.61,28.3593
14,BALLARD SOUTH,Summer,4845,16164.0,1157.47,36.16,54.5,61.59,1045.43,5.31,72173.57,7.61,29.974
15,BALLARD SOUTH,Winter,4661,16164.0,1157.47,36.16,54.5,61.59,1045.43,5.31,72173.57,7.61,28.8357
16,BELLTOWN,Fall,4235,7570.0,172.89,37.24,21.88,59.34,941.0,7.06,48376.4,21.4,55.9445
17,BELLTOWN,Spring,4469,7570.0,172.89,37.24,21.88,59.34,941.0,7.06,48376.4,21.4,59.0357
18,BELLTOWN,Summer,4368,7570.0,172.89,37.24,21.88,59.34,941.0,7.06,48376.4,21.4,57.7015
19,BELLTOWN,Winter,4007,7570.0,172.89,37.24,21.88,59.34,941.0,7.06,48376.4,21.4,52.9326
20,BITTERLAKE,Fall,3104,17081.0,1786.49,40.74,59.39,43.91,1002.4,7.57,60645.7,12.17,18.1722
21,BITTERLAKE,Spring,3055,17081.0,1786.49,40.74,59.39,43.91,1002.4,7.57,60645.7,12.17,17.8854
22,BITTERLAKE,Summer,3022,17081.0,1786.49,40.74,59.39,43.91,1002.4,7.57,60645.7,12.17,17.6922
23,BITTERLAKE,Winter,3057,17081.0,1786.49,40.74,59.39,43.91,1002.4,7.57,60645.7,12.17,17.8971
24,BRIGHTON/DUNLAP,Fall,2080,7877.0,575.58,37.24,57.36,30.93,898.86,9.29,50679.0,20.74,26.406
25,BRIGHTON/DUNLAP,Spring,2094,7877.0,575.58,37.24,57.36,30.93,898.86,9.29,50679.0,20.74,26.5837
26,BRIGHTON/DUNLAP,Summer,2180,7877.0,575.58,37.24,57.36,30.93,898.86,9.29,50679.0,20.74,27.6755
27,BRIGHTON/DUNLAP,Winter,1936,7877.0,575.58,37.24,57.36,30.93,898.86,9.29,50679.0,20.74,24.5779
28,CAPITOL HILL,Fall,9715,22289.0,696.24,34.01,29.89,58.65,999.93,5.35,55953.93,16.02,43.5865
29,CAPITOL HILL,Spring,9574,22289.0,696.24,34.01,29.89,58.65,999.93,5.35,55953.93,16.02,42.9539
30,CAPITOL HILL,Summer,10058,22289.0,696.24,34.01,29.89,58.65,999.93,5.35,55953.93,16.02,45.1254
31,CAPITOL HILL,Winter,8775,22289.0,696.24,34.01,29.89,58.65,999.93,5.35,55953.93,16.02,39.3692
32,CENTRAL AREA/SQUIRE PARK,Fall,3949,16393.0,849.37,37.12,48.39,60.88,1110.85,5.38,71022.62,14.39,24.0896
33,CENTRAL AREA/SQUIRE PARK,Spring,3678,16393.0,849.37,37.12,48.39,60.88,1110.85,5.38,71022.62,14.39,22.4364
34,CENTRAL AREA/SQUIRE PARK,Summer,3777,16393.0,849.37,37.12,48.39,60.88,1110.85,5.38,71022.62,14.39,23.0403
35,CENTRAL AREA/SQUIRE PARK,Winter,3564,16393.0,849.37,37.12,48.39,60.88,1110.85,5.38,71022.62,14.39,21.741
36,CHINATOWN/INTERNATIONAL DISTRICT,Fall,4356,3645.0,239.26,42.49,22.11,33.46,705.12,10.0,29796.25,34.21,119.5062
37,CHINATOWN/INTERNATIONAL DISTRICT,Spring,3889,3645.0,239.26,42.49,22.11,33.46,705.12,10.0,29796.25,34.21,106.6941
38,CHINATOWN/INTERNATIONAL DISTRICT,Summer,4399,3645.0,239.26,42.49,22.11,33.46,705.12,10.0,29796.25,34.21,120.6859
39,CHINATOWN/INTERNATIONAL DISTRICT,Winter,3862,3645.0,239.26,42.49,22.11,33.46,705.12,10.0,29796.25,34.21,105.9534
40,CLAREMONT/RAINIER VISTA,Fall,848,2521.0,290.22,39.47,61.82,38.3,785.0,6.35,60143.17,11.45,33.6374
41,CLAREMONT/RAINIER VISTA,Spring,798,2521.0,290.22,39.47,61.82,38.3,785.0,6.35,60143.17,11.45,31.6541
42,CLAREMONT/RAINIER VISTA,Summer,876,2521.0,290.22,39.47,61.82,38.3,785.0,6.35,60143.17,11.45,34.7481
43,CLAREMONT/RAINIER VISTA,Winter,769,2521.0,290.22,39.47,61.82,38.3,785.0,6.35,60143.17,11.45,30.5038
44,COLUMBIA CITY,Fall,976,4046.0,297.4,39.1,62.02,38.8,850.0,7.46,58200.8,11.6,24.1226
45,COLUMBIA CITY,Spring,1062,4046.0,297.4,39.1,62.02,38.8,850.0,7.46,58200.8,11.6,26.2481
46,COLUMBIA CITY,Summer,949,4046.0,297.4,39.1,62.02,38.8,850.0,7.46,58200.8,11.6,23.4553
47,COLUMBIA CITY,Winter,972,4046.0,297.4,39.1,62.02,38.8,850.0,7.46,58200.8,11.6,24.0237
48,COMMERCIAL DUWAMISH,Fall,111,2014.0,552.2,38.1,60.08,37.78,1110.25,7.75,64308.0,9.93,5.5114
49,COMMERCIAL DUWAMISH,Spring,71,2014.0,552.2,38.1,60.08,37.78,1110.25,7.75,64308.0,9.93,3.5253
50,COMMERCIAL DUWAMISH,Summer,113,2014.0,552.2,38.1,60.08,37.78,1110.25,7.75,64308.0,9.93,5.6107
51,COMMERCIAL DUWAMISH,Winter,94,2014.0,552.2,38.1,60.08,37.78,1110.25,7.75,64308.0,9.93,4.6673
52,COMMERCIAL HARBOR ISLAND,Fall,59,1293.0,409.45,43.35,55.3,46.15,1032.5,8.0,60915.0,14.6,4.563
53,COMMERCIAL HARBOR ISLAND,Spring,41,1293.0,409.45,43.35,55.3,46.15,1032.5,8.0,60915.0,14.6,3.1709
54,COMMERCIAL HARBOR ISLAND,Summer,56,1293.0,409.45,43.35,55.3,46.15,1032.5,8.0,60915.0,14.6,4.331
55,COMMERCIAL HARBOR ISLAND,Winter,58,1293.0,409.45,43.35,55.3,46.15,1032.5,8.0,60915.0,14.6,4.4857
56,DOWNTOWN COMMERCIAL,Fall,13496,7706.0,306.18,39.51,14.62,48.52,842.22,8.03,37499.11,25.92,175.1363
57,DOWNTOWN COMMERCIAL,Spring,13854,7706.0,306.18,39.51,14.62,48.52,842.22,8.03,37499.11,25.92,179.782
58,DOWNTOWN COMMERCIAL,Summer,13852,7706.0,306.18,39.51,14.62,48.52,842.22,8.03,37499.11,25.92,179.756
59,DOWNTOWN COMMERCIAL,Winter,13545,7706.0,306.18,39.51,14.62,48.52,842.22,8.03,37499.11,25.92,175.7721
60,EASTLAKE - EAST,Fall,264,1151.0,94.07,33.95,29.33,64.65,973.5,5.85,58355.5,12.45,22.9366
61,EASTLAKE - EAST,Spring,247,1151.0,94.07,33.95,29.33,64.65,973.5,5.85,58355.5,12.45,21.4596
62,EASTLAKE - EAST,Summer,261,1151.0,94.07,33.95,29.33,64.65,973.5,5.85,58355.5,12.45,22.6759
63,EASTLAKE - EAST,Winter,222,1151.0,94.07,33.95,29.33,64.65,973.5,5.85,58355.5,12.45,19.2876
64,EASTLAKE - WEST,Fall,981,2816.0,184.9,33.25,31.45,69.4,1034.5,5.45,65121.0,10.55,34.8366
65,EASTLAKE - WEST,Spring,985,2816.0,184.9,33.25,31.45,69.4,1034.5,5.45,65121.0,10.55,34.9787
66,EASTLAKE - WEST,Summer,1026,2816.0,184.9,33.25,31.45,69.4,1034.5,5.45,65121.0,10.55,36.4347
67,EASTLAKE - WEST,Winter,876,2816.0,184.9,33.25,31.45,69.4,1034.5,5.45,65121.0,10.55,31.108
68,FAUNTLEROY SW,Fall,666,6209.0,789.03,40.6,73.2,45.32,1184.2,5.32,79931.6,7.72,10.7264
69,FAUNTLEROY SW,Spring,715,6209.0,789.03,40.6,73.2,45.32,1184.2,5.32,79931.6,7.72,11.5155
70,FAUNTLEROY SW,Summer,735,6209.0,789.03,40.6,73.2,45.32,1184.2,5.32,79931.6,7.72,11.8377
71,FAUNTLEROY SW,Winter,666,6209.0,789.03,40.6,73.2,45.32,1184.2,5.32,79931.6,7.72,10.7264
72,FIRST HILL,Fall,4387,11813.0,356.79,38.78,17.65,43.57,807.64,7.01,34962.09,25.13,37.1371
73,FIRST HILL,Spring,4606,11813.0,356.79,38.78,17.65,43.57,807.64,7.01,34962.09,25.13,38.9909
74,FIRST HILL,Summer,4316,11813.0,356.79,38.78,17.65,43.57,807.64,7.01,34962.09,25.13,36.536
75,FIRST HILL,Winter,4344,11813.0,356.79,38.78,17.65,43.57,807.64,7.01,34962.09,25.13,36.773
76,FREMONT,Fall,2940,10936.0,610.21,34.97,40.03,66.28,1025.17,5.7,64704.5,11.32,26.8837
77,FREMONT,Spring,2829,10936.0,610.21,34.97,40.03,66.28,1025.17,5.7,64704.5,11.32,25.8687
78,FREMONT,Summer,2903,10936.0,610.21,34.97,40.03,66.28,1025.17,5.7,64704.5,11.32,26.5454
79,FREMONT,Winter,2791,10936.0,610.21,34.97,40.03,66.28,1025.17,5.7,64704.5,11.32,25.5212
80,GENESEE,Fall,479,2075.0,204.76,40.9,58.77,44.2,755.0,6.0,57918.67,12.77,23.0843
81,GENESEE,Spring,445,2075.0,204.76,40.9,58.77,44.2,755.0,6.0,57918.67,12.77,21.4458
82,GENESEE,Summer,471,2075.0,204.76,40.9,58.77,44.2,755.0,6.0,57918.67,12.77,22.6988
83,GENESEE,Winter,372,2075.0,204.76,40.9,58.77,44.2,755.0,6.0,57918.67,12.77,17.9277
84,GEORGETOWN,Fall,1874,2467.0,1722.2,38.3,57.33,24.88,1014.17,7.75,52173.0,14.63,75.9627
85,GEORGETOWN,Spring,1783,2467.0,1722.2,38.3,57.33,24.88,1014.17,7.75,52173.0,14.63,72.274
86,GEORGETOWN,Summer,1936,2467.0,1722.2,38.3,57.33,24.88,1014.17,7.75,52173.0,14.63,78.4759
87,GEORGETOWN,Winter,1860,2467.0,1722.2,38.3,57.33,24.88,1014.17,7.75,52173.0,14.63,75.3952
88,GREENWOOD,Fall,3362,15240.0,964.39,36.03,57.69,57.12,1004.56,5.76,68127.67,9.86,22.0604
89,GREENWOOD,Spring,3403,15240.0,964.39,36.03,57.69,57.12,1004.56,5.76,68127.67,9.86,22.3294
90,GREENWOOD,Summer,3555,15240.0,964.39,36.03,57.69,57.12,1004.56,5.76,68127.67,9.86,23.3268
91,GREENWOOD,Winter,3412,15240.0,964.39,36.03,57.69,57.12,1004.56,5.76,68127.67,9.86,22.3885
92,HIGH POINT,Fall,1193,5172.0,543.41,36.22,55.04,41.84,982.25,8.75,61845.88,12.4,23.0665
93,HIGH POINT,Spring,1225,5172.0,543.41,36.22,55.04,41.84,982.25,8.75,61845.88,12.4,23.6852
94,HIGH POINT,Summer,1294,5172.0,543.41,36.22,55.04,41.84,982.25,8.75,61845.88,12.4,25.0193
95,HIGH POINT,Winter,1141,5172.0,543.41,36.22,55.04,41.84,982.25,8.75,61845.88,12.4,22.0611
96,HIGHLAND PARK,Fall,1665,7718.0,1000.96,34.88,54.57,27.08,995.0,8.55,55868.17,12.25,21.5729
97,HIGHLAND PARK,Spring,1783,7718.0,1000.96,34.88,54.57,27.08,995.0,8.55,55868.17,12.25,23.1018
98,HIGHLAND PARK,Summer,1860,7718.0,1000.96,34.88,54.57,27.08,995.0,8.55,55868.17,12.25,24.0995
99,HIGHLAND PARK,Winter,1735,7718.0,1000.96,34.88,54.57,27.08,995.0,8.55,55868.17,12.25,22.4799
100,HILLMAN CITY,Fall,774,2875.0,239.4,39.95,60.18,35.9,917.25,6.65,56539.25,16.0,26.9217
101,HILLMAN CITY,Spring,717,2875.0,239.4,39.95,60.18,35.9,917.25,6.65,56539.25,16.0,24.9391
102,HILLMAN CITY,Summer,741,2875.0,239.4,39.95,60.18,35.9,917.25,6.65,56539.25,16.0,25.7739
103,HILLMAN CITY,Winter,706,2875.0,239.4,39.95,60.18,35.9,917.25,6.65,56539.25,16.0,24.5565
104,JUDKINS PARK/NORTH BEACON HILL,Fall,1377,3261.0,271.29,40.52,39.52,41.7,822.25,6.89,47837.88,23.99,42.2263
105,JUDKINS PARK/NORTH BEACON HILL,Spring,1159,3261.0,271.29,40.52,39.52,41.7,822.25,6.89,47837.88,23.99,35.5412
106,JUDKINS PARK/NORTH BEACON HILL,Summer,1327,3261.0,271.29,40.52,39.52,41.7,822.25,6.89,47837.88,23.99,40.693
107,JUDKINS PARK/NORTH BEACON HILL,Winter,1183,3261.0,271.29,40.52,39.52,41.7,822.25,6.89,47837.88,23.99,36.2772
108,LAKECITY,Fall,4032,21203.0,1947.4,39.3,58.8,56.08,999.5,5.86,65189.58,10.58,19.0162
109,LAKECITY,Spring,4179,21203.0,1947.4,39.3,58.8,56.08,999.5,5.86,65189.58,10.58,19.7095
110,LAKECITY,Summer,4473,21203.0,1947.4,39.3,58.8,56.08,999.5,5.86,65189.58,10.58,21.0961
111,LAKECITY,Winter,4108,21203.0,1947.4,39.3,58.8,56.08,999.5,5.86,65189.58,10.58,19.3746
112,LAKEWOOD/SEWARD PARK,Fall,872,7878.0,895.56,41.54,64.52,41.8,866.0,6.92,63626.8,13.02,11.0688
113,LAKEWOOD/SEWARD PARK,Spring,905,7878.0,895.56,41.54,64.52,41.8,866.0,6.92,63626.8,13.02,11.4877
114,LAKEWOOD/SEWARD PARK,Summer,1010,7878.0,895.56,41.54,64.52,41.8,866.0,6.92,63626.8,13.02,12.8205
115,LAKEWOOD/SEWARD PARK,Winter,762,7878.0,895.56,41.54,64.52,41.8,866.0,6.92,63626.8,13.02,9.6725
116,MADISON PARK,Fall,553,5195.0,572.63,40.88,70.38,75.9,1379.0,4.4,104887.5,8.65,10.6449
117,MADISON PARK,Spring,484,5195.0,572.63,40.88,70.38,75.9,1379.0,4.4,104887.5,8.65,9.3167
118,MADISON PARK,Summer,576,5195.0,572.63,40.88,70.38,75.9,1379.0,4.4,104887.5,8.65,11.0876
119,MADISON PARK,Winter,490,5195.0,572.63,40.88,70.38,75.9,1379.0,4.4,104887.5,8.65,9.4321
120,MADRONA/LESCHI,Fall,2002,11096.0,887.58,40.17,55.58,55.33,1005.11,5.48,69949.89,14.99,18.0425
121,MADRONA/LESCHI,Spring,1885,11096.0,887.58,40.17,55.58,55.33,1005.11,5.48,69949.89,14.99,16.9881
122,MADRONA/LESCHI,Summer,1960,11096.0,887.58,40.17,55.58,55.33,1005.11,5.48,69949.89,14.99,17.664
123,MADRONA/LESCHI,Winter,1832,11096.0,887.58,40.17,55.58,55.33,1005.11,5.48,69949.89,14.99,16.5105
124,MAGNOLIA,Fall,2391,20678.0,2935.97,38.38,58.18,65.08,1181.0,5.42,78876.83,6.1,11.563
125,MAGNOLIA,Spring,2531,20678.0,2935.97,38.38,58.18,65.08,1181.0,5.42,78876.83,6.1,12.2401
126,MAGNOLIA,Summer,2440,20678.0,2935.97,38.38,58.18,65.08,1181.0,5.42,78876.83,6.1,11.8
127,MAGNOLIA,Winter,2188,20678.0,2935.97,38.38,58.18,65.08,1181.0,5.42,78876.83,6.1,10.5813
128,MID BEACON HILL,Fall,1675,10908.0,1167.79,38.0,54.37,31.49,829.67,8.16,51944.44,15.9,15.3557
129,MID BEACON HILL,Spring,1646,10908.0,1167.79,38.0,54.37,31.49,829.67,8.16,51944.44,15.9,15.0898
130,MID BEACON HILL,Summer,1563,10908.0,1167.79,38.0,54.37,31.49,829.67,8.16,51944.44,15.9,14.3289
131,MID BEACON HILL,Winter,1621,10908.0,1167.79,38.0,54.37,31.49,829.67,8.16,51944.44,15.9,14.8607
132,MILLER PARK,Fall,1013,6931.0,364.67,36.67,48.46,67.74,1141.57,3.93,74699.57,10.67,14.6155
133,MILLER PARK,Spring,1000,6931.0,364.67,36.67,48.46,67.74,1141.57,3.93,74699.57,10.67,14.4279
134,MILLER PARK,Summer,960,6931.0,364.67,36.67,48.46,67.74,1141.57,3.93,74699.57,10.67,13.8508
135,MILLER PARK,Winter,1038,6931.0,364.67,36.67,48.46,67.74,1141.57,3.93,74699.57,10.67,14.9762
136,MONTLAKE/PORTAGE BAY,Fall,1026,7065.0,755.82,35.66,48.79,72.16,1179.25,6.12,75484.38,18.44,14.5223
137,MONTLAKE/PORTAGE BAY,Spring,1065,7065.0,755.82,35.66,48.79,72.16,1179.25,6.12,75484.38,18.44,15.0743
138,MONTLAKE/PORTAGE BAY,Summer,1128,7065.0,755.82,35.66,48.79,72.16,1179.25,6.12,75484.38,18.44,15.966
139,MONTLAKE/PORTAGE BAY,Winter,972,7065.0,755.82,35.66,48.79,72.16,1179.25,6.12,75484.38,18.44,13.758
140,MORGAN,Fall,1370,10211.0,948.05,39.45,57.33,51.67,963.5,6.95,68993.33,11.52,13.4169
141,MORGAN,Spring,1341,10211.0,948.05,39.45,57.33,51.67,963.5,6.95,68993.33,11.52,13.1329
142,MORGAN,Summer,1404,10211.0,948.05,39.45,57.33,51.67,963.5,6.95,68993.33,11.52,13.7499
143,MORGAN,Winter,1286,10211.0,948.05,39.45,57.33,51.67,963.5,6.95,68993.33,11.52,12.5943
144,MOUNT BAKER,Fall,2013,6446.0,693.64,40.75,55.0,41.08,669.75,6.12,55618.0,15.73,31.2287
145,MOUNT BAKER,Spring,2071,6446.0,693.64,40.75,55.0,41.08,669.75,6.12,55618.0,15.73,32.1285
146,MOUNT BAKER,Summer,2055,6446.0,693.64,40.75,55.0,41.08,669.75,6.12,55618.0,15.73,31.8802
147,MOUNT BAKER,Winter,2032,6446.0,693.64,40.75,55.0,41.08,669.75,6.12,55618.0,15.73,31.5234
148,NEW HOLLY,Fall,871,2910.0,210.92,34.75,55.82,23.8,916.25,10.4,44855.25,22.42,29.9313
149,NEW HOLLY,Spring,917,2910.0,210.92,34.75,55.82,23.8,916.25,10.4,44855.25,22.42,31.512
150,NEW HOLLY,Summer,1051,2910.0,210.92,34.75,55.82,23.8,916.25,10.4,44855.25,22.42,36.1168
151,NEW HOLLY,Winter,853,2910.0,210.92,34.75,55.82,23.8,916.25,10.4,44855.25,22.42,29.3127
152,NORTH ADMIRAL,Fall,1459,11623.0,1111.52,40.54,61.7,56.46,1099.4,5.56,75341.0,6.62,12.5527
153,NORTH ADMIRAL,Spring,1567,11623.0,1111.52,40.54,61.7,56.46,1099.4,5.56,75341.0,6.62,13.4819
154,NORTH ADMIRAL,Summer,1440,11623.0,1111.52,40.54,61.7,56.46,1099.4,5.56,75341.0,6.62,12.3892
155,NORTH ADMIRAL,Winter,1416,11623.0,1111.52,40.54,61.7,56.46,1099.4,5.56,75341.0,6.62,12.1827
156,NORTH BEACON HILL,Fall,2691,10697.0,1065.16,42.36,48.9,35.84,735.14,6.71,53569.43,16.74,25.1566
157,NORTH BEACON HILL,Spring,2565,10697.0,1065.16,42.36,48.9,35.84,735.14,6.71,53569.43,16.74,23.9787
158,NORTH BEACON HILL,Summer,2612,10697.0,1065.16,42.36,48.9,35.84,735.14,6.71,53569.43,16.74,24.4181
159,NORTH BEACON HILL,Winter,2462,10697.0,1065.16,42.36,48.9,35.84,735.14,6.71,53569.43,16.74,23.0158
160,NORTH DELRIDGE,Fall,1135,4611.0,1100.08,35.32,53.92,38.5,991.0,9.28,57859.33,15.08,24.6151
161,NORTH DELRIDGE,Spring,1119,4611.0,1100.08,35.32,53.92,38.5,991.0,9.28,57859.33,15.08,24.2681
162,NORTH DELRIDGE,Summer,1138,4611.0,1100.08,35.32,53.92,38.5,991.0,9.28,57859.33,15.08,24.6801
163,NORTH DELRIDGE,Winter,1138,4611.0,1100.08,35.32,53.92,38.5,991.0,9.28,57859.33,15.08,24.6801
164,NORTHGATE,Fall,9105,31100.0,3026.17,37.64,54.12,53.96,1017.75,6.14,61555.0,10.93,29.2765
165,NORTHGATE,Spring,9048,31100.0,3026.17,37.64,54.12,53.96,1017.75,6.14,61555.0,10.93,29.0932
166,NORTHGATE,Summer,8925,31100.0,3026.17,37.64,54.12,53.96,1017.75,6.14,61555.0,10.93,28.6977
167,NORTHGATE,Winter,8960,31100.0,3026.17,37.64,54.12,53.96,1017.75,6.14,61555.0,10.93,28.8103
168,PHINNEY RIDGE,Fall,1282,9616.0,695.57,36.79,57.74,66.39,1060.27,5.48,77584.36,7.78,13.3319
169,PHINNEY RIDGE,Spring,1309,9616.0,695.57,36.79,57.74,66.39,1060.27,5.48,77584.36,7.78,13.6127
170,PHINNEY RIDGE,Summer,1346,9616.0,695.57,36.79,57.74,66.39,1060.27,5.48,77584.36,7.78,13.9975
171,PHINNEY RIDGE,Winter,1279,9616.0,695.57,36.79,57.74,66.39,1060.27,5.48,77584.36,7.78,13.3007
172,PIGEON POINT,Fall,158,711.0,225.36,35.55,65.35,41.0,1268.0,8.6,68758.0,8.0,22.2222
173,PIGEON POINT,Spring,195,711.0,225.36,35.55,65.35,41.0,1268.0,8.6,68758.0,8.0,27.4262
174,PIGEON POINT,Summer,181,711.0,225.36,35.55,65.35,41.0,1268.0,8.6,68758.0,8.0,25.4571
175,PIGEON POINT,Winter,166,711.0,225.36,35.55,65.35,41.0,1268.0,8.6,68758.0,8.0,23.3474
176,PIONEER SQUARE,Fall,2626,1529.0,300.11,49.37,27.93,38.63,715.0,11.37,33805.67,34.6,171.7462
177,PIONEER SQUARE,Spring,2595,1529.0,300.11,49.37,27.93,38.63,715.0,11.37,33805.67,34.6,169.7188
178,PIONEER SQUARE,Summer,2790,1529.0,300.11,49.37,27.93,38.63,715.0,11.37,33805.67,34.6,182.4722
179,PIONEER SQUARE,Winter,2394,1529.0,300.11,49.37,27.93,38.63,715.0,11.37,33805.67,34.6,156.5729
180,QUEEN ANNE,Fall,7457,36037.0,2137.67,34.98,38.06,66.75,1061.75,5.03,65402.83,9.28,20.6926
181,QUEEN ANNE,Spring,7820,36037.0,2137.67,34.98,38.06,66.75,1061.75,5.03,65402.83,9.28,21.6999
182,QUEEN ANNE,Summer,7942,36037.0,2137.67,34.98,38.06,66.75,1061.75,5.03,65402.83,9.28,22.0385
183,QUEEN ANNE,Winter,7567,36037.0,2137.67,34.98,38.06,66.75,1061.75,5.03,65402.83,9.28,20.9979
184,RAINIER BEACH,Fall,1650,4852.0,401.8,37.65,63.58,28.32,1051.25,9.93,54993.5,19.78,34.0066
185,RAINIER BEACH,Spring,1728,4852.0,401.8,37.65,63.58,28.32,1051.25,9.93,54993.5,19.78,35.6142
186,RAINIER BEACH,Summer,1729,4852.0,401.8,37.65,63.58,28.32,1051.25,9.93,54993.5,19.78,35.6348
187,RAINIER BEACH,Winter,1553,4852.0,401.8,37.65,63.58,28.32,1051.25,9.93,54993.5,19.78,32.0074
188,RAINIER VIEW,Fall,1517,10593.0,1072.05,35.0,66.23,25.73,1147.67,10.8,54682.67,20.5,14.3208
189,RAINIER VIEW,Spring,1543,10593.0,1072.05,35.0,66.23,25.73,1147.67,10.8,54682.67,20.5,14.5662
190,RAINIER VIEW,Summer,1485,10593.0,1072.05,35.0,66.23,25.73,1147.67,10.8,54682.67,20.5,14.0187
191,RAINIER VIEW,Winter,1488,10593.0,1072.05,35.0,66.23,25.73,1147.67,10.8,54682.67,20.5,14.047
192,ROOSEVELT/RAVENNA,Fall,5558,28901.0,2044.08,34.2,56.06,70.2,1085.9,6.39,72006.85,15.83,19.2312
193,ROOSEVELT/RAVENNA,Spring,5465,28901.0,2044.08,34.2,56.06,70.2,1085.9,6.39,72006.85,15.83,18.9094
194,ROOSEVELT/RAVENNA,Summer,5623,28901.0,2044.08,34.2,56.06,70.2,1085.9,6.39,72006.85,15.83,19.4561
195,ROOSEVELT/RAVENNA,Winter,5215,28901.0,2044.08,34.2,56.06,70.2,1085.9,6.39,72006.85,15.83,18.0444
196,ROXHILL/WESTWOOD/ARBOR HEIGHTS,Fall,2513,12717.0,1199.92,37.69,61.74,40.74,1030.5,8.04,68112.5,13.0,19.7609
197,ROXHILL/WESTWOOD/ARBOR HEIGHTS,Spring,2430,12717.0,1199.92,37.69,61.74,40.74,1030.5,8.04,68112.5,13.0,19.1083
198,ROXHILL/WESTWOOD/ARBOR HEIGHTS,Summer,2473,12717.0,1199.92,37.69,61.74,40.74,1030.5,8.04,68112.5,13.0,19.4464
199,ROXHILL/WESTWOOD/ARBOR HEIGHTS,Winter,2399,12717.0,1199.92,37.69,61.74,40.74,1030.5,8.04,68112.5,13.0,18.8645
200,SANDPOINT,Fall,3094,35094.0,3743.65,37.49,64.98,69.31,1083.59,5.77,77113.94,13.52,8.8163
201,SANDPOINT,Spring,3353,35094.0,3743.65,37.49,64.98,69.31,1083.59,5.77,77113.94,13.52,9.5543
202,SANDPOINT,Summer,3267,35094.0,3743.65,37.49,64.98,69.31,1083.59,5.77,77113.94,13.52,9.3093
203,SANDPOINT,Winter,2957,35094.0,3743.65,37.49,64.98,69.31,1083.59,5.77,77113.94,13.52,8.4259
204,SLU/CASCADE,Fall,6422,8235.0,554.75,36.56,21.1,60.48,963.91,6.86,48959.91,17.1,77.9842
205,SLU/CASCADE,Spring,6796,8235.0,554.75,36.56,21.1,60.48,963.91,6.86,48959.91,17.1,82.5258
206,SLU/CASCADE,Summer,6724,8235.0,554.75,36.56,21.1,60.48,963.91,6.86,48959.91,17.1,81.6515
207,SLU/CASCADE,Winter,6418,8235.0,554.75,36.56,21.1,60.48,963.91,6.86,48959.91,17.1,77.9356
208,SODO,Fall,2905,1080.0,1260.32,51.6,56.2,41.1,957.0,7.4,54158.0,18.6,268.9815
209,SODO,Spring,2549,1080.0,1260.32,51.6,56.2,41.1,957.0,7.4,54158.0,18.6,236.0185
210,SODO,Summer,2788,1080.0,1260.32,51.6,56.2,41.1,957.0,7.4,54158.0,18.6,258.1481
211,SODO,Winter,2417,1080.0,1260.32,51.6,56.2,41.1,957.0,7.4,54158.0,18.6,223.7963
212,SOUTH BEACON HILL,Fall,656,7306.0,848.1,35.65,61.75,27.28,958.75,10.38,51456.75,18.38,8.9789
213,SOUTH BEACON HILL,Spring,655,7306.0,848.1,35.65,61.75,27.28,958.75,10.38,51456.75,18.38,8.9652
214,SOUTH BEACON HILL,Summer,696,7306.0,848.1,35.65,61.75,27.28,958.75,10.38,51456.75,18.38,9.5264
215,SOUTH BEACON HILL,Winter,590,7306.0,848.1,35.65,61.75,27.28,958.75,10.38,51456.75,18.38,8.0756
216,SOUTH DELRIDGE,Fall,617,1075.0,81.64,34.3,54.9,30.8,917.0,6.8,58191.0,13.25,57.3953
217,SOUTH DELRIDGE,Spring,591,1075.0,81.64,34.3,54.9,30.8,917.0,6.8,58191.0,13.25,54.9767
218,SOUTH DELRIDGE,Summer,645,1075.0,81.64,34.3,54.9,30.8,917.0,6.8,58191.0,13.25,60.0
219,SOUTH DELRIDGE,Winter,669,1075.0,81.64,34.3,54.9,30.8,917.0,6.8,58191.0,13.25,62.2326
220,SOUTH PARK,Fall,1242,4378.0,726.3,35.87,63.1,25.7,1138.33,7.4,58664.0,9.67,28.3691
221,SOUTH PARK,Spring,1331,4378.0,726.3,35.87,63.1,25.7,1138.33,7.4,58664.0,9.67,30.402
222,SOUTH PARK,Summer,1360,4378.0,726.3,35.87,63.1,25.7,1138.33,7.4,58664.0,9.67,31.0644
223,SOUTH PARK,Winter,1177,4378.0,726.3,35.87,63.1,25.7,1138.33,7.4,58664.0,9.67,26.8844
224,UNIVERSITY,Fall,6640,23510.0,1139.29,29.27,38.78,72.32,1135.18,8.15,62985.27,30.27,28.2433
225,UNIVERSITY,Spring,6236,23510.0,1139.29,29.27,38.78,72.32,1135.18,8.15,62985.27,30.27,26.5249
226,UNIVERSITY,Summer,6223,23510.0,1139.29,29.27,38.78,72.32,1135.18,8.15,62985.27,30.27,26.4696
227,UNIVERSITY,Winter,5896,23510.0,1139.29,29.27,38.78,72.32,1135.18,8.15,62985.27,30.27,25.0787
228,WALLINGFORD,Fall,2799,15785.0,902.37,34.58,45.77,71.02,1104.4,5.54,71316.1,13.37,17.732
229,WALLINGFORD,Spring,2762,15785.0,902.37,34.58,45.77,71.02,1104.4,5.54,71316.1,13.37,17.4976
230,WALLINGFORD,Summer,2934,15785.0,902.37,34.58,45.77,71.02,1104.4,5.54,71316.1,13.37,18.5873
231,WALLINGFORD,Winter,2665,15785.0,902.37,34.58,45.77,71.02,1104.4,5.54,71316.1,13.37,16.8831
